product,order,name,qty,price,_id
1,322,Yamaha R15 V3 Double Disk,1,27.00,364
2,321,Honda CB Hornet,1,24.00,363
4,320,SUZUKI GSX-R RARE DISK,1,85.40,362
2,319,Honda CB Hornet,1,24.00,361
4,318,SUZUKI GSX-R RARE DISK,1,85.40,360
1,317,Yamaha R15 V3 Double Disk,1,27.00,359
2,316,Honda CB Hornet,1,24.00,358
2,315,Honda CB Hornet,1,24.00,357
4,314,SUZUKI GSX-R RARE DISK,1,85.40,356
2,313,Honda CB Hornet,1,24.00,355
2,312,Honda CB Hornet,1,24.00,354
11,311,TVS Apache RTR 160 (R.D),1,11043.50,353
1,310,Yamaha R15 V3 Double Disk,1,27.00,352
4,309,SUZUKI GSX-R RARE DISK,1,85.40,351
2,308,Honda CB Hornet,1,24.00,350
6,307,Kawasaki Ninja H2R 1000CC,1,10.80,349
1,306,Yamaha R15 V3 Double Disk,1,27.00,348
1,305,Yamaha R15 V3 Double Disk,1,27.00,347
2,304,Honda CB Hornet,1,24.00,346
2,303,Honda CB Hornet,1,24.00,345
10,302,Lamborghini Terzo,1,97.17,344
12,301,Honda Dio,1,38194.00,343
2,300,Honda CB Hornet,1,24.00,342
2,299,Honda CB Hornet,1,24.00,341
11,298,TVS Apache RTR 160 (R.D),1,11043.50,340
10,297,Lamborghini Terzo,1,97.17,339
2,296,Honda CB Hornet,1,24.00,338
2,295,Honda CB Hornet,1,24.00,337
2,294,Honda CB Hornet,1,24.00,336
2,293,Honda CB Hornet,1,24.00,335
2,292,Honda CB Hornet,1,24.00,334
12,291,Honda Dio,1,38194.00,333
12,290,Honda Dio,1,38194.00,332
2,289,Honda CB Hornet,1,24.00,331
2,288,Honda CB Hornet,1,24.00,330
2,287,Honda CB Hornet,1,24.00,329
4,286,SUZUKI GSX-R RARE DISK,1,85.40,328
11,285,TVS Apache RTR 160 (R.D),1,11043.50,327
6,285,Kawasaki Ninja H2R 1000CC,1,10.80,326
6,284,Kawasaki Ninja H2R 1000CC,1,10.80,325
6,283,Kawasaki Ninja H2R 1000CC,1,10.80,324
2,282,Honda CB Hornet,1,24.00,323
2,281,Honda CB Hornet,1,24.00,322
2,280,Honda CB Hornet,1,24.00,321
2,279,Honda CB Hornet,1,24.00,320
2,278,Honda CB Hornet,1,24.00,319
12,277,Honda Dio,1,38194.00,318
12,276,Honda Dio,1,38194.00,317
12,275,Honda Dio,1,38194.00,316
4,274,SUZUKI GSX-R RARE DISK,1,85.40,315
2,274,Honda CB Hornet,1,24.00,314
2,273,Honda CB Hornet,1,24.00,313
4,273,SUZUKI GSX-R RARE DISK,1,85.40,312
2,272,Honda CB Hornet,1,24.00,311
4,271,SUZUKI GSX-R RARE DISK,4,85.40,310
2,271,Honda CB Hornet,1,24.00,309
12,271,Honda Dio,1,38194.00,308
4,270,SUZUKI GSX-R RARE DISK,1,85.40,307
2,270,Honda CB Hornet,1,24.00,306
2,269,Honda CB Hornet,1,24.00,305
2,268,Honda CB Hornet,1,24.00,304
12,267,Honda Dio,1,38194.00,303
2,266,Honda CB Hornet,1,24.00,302
11,265,TVS Apache RTR 160 (R.D),1,11043.50,301
2,264,Honda CB Hornet,1,24.00,300
2,263,Honda CB Hornet,1,24.00,299
11,262,TVS Apache RTR 160 (R.D),1,11043.50,298
2,261,Honda CB Hornet,1,24.00,297
2,260,Honda CB Hornet,1,24.00,296
2,259,Honda CB Hornet,1,24.00,295
11,258,TVS Apache RTR 160 (R.D),1,11043.50,294
11,257,TVS Apache RTR 160 (R.D),1,11043.50,293
11,256,TVS Apache RTR 160 (R.D),1,11043.50,292
11,255,TVS Apache RTR 160 (R.D),1,11043.50,291
2,254,Honda CB Hornet,1,24.00,290
2,253,Honda CB Hornet,1,24.00,289
2,252,Honda CB Hornet,1,24.00,288
2,251,Honda CB Hornet,1,24.00,287
2,250,Honda CB Hornet,1,24.00,286
2,249,Honda CB Hornet,1,24.00,285
2,248,Honda CB Hornet,1,24.00,284
2,247,Honda CB Hornet,1,24.00,283
2,246,Honda CB Hornet,1,24.00,282
2,245,Honda CB Hornet,1,24.00,281
2,244,Honda CB Hornet,1,24.00,280
2,243,Honda CB Hornet,1,24.00,279
2,242,Honda CB Hornet,1,24.00,278
2,241,Honda CB Hornet,1,24.00,277
2,240,Honda CB Hornet,1,24.00,276
11,239,TVS Apache RTR 160 (R.D),1,11043.50,275
2,238,Honda CB Hornet,1,24.00,274
1,237,Yamaha R15 V3 Double Disk,1,27.00,273
2,237,Honda CB Hornet,1,24.00,272
12,236,Honda Dio,1,38194.00,271
12,235,Honda Dio,1,38194.00,270
1,234,Yamaha R15 V3 Double Disk,1,27.00,269
12,233,Honda Dio,1,38194.00,268
4,232,SUZUKI GSX-R RARE DISK,1,85.40,267
12,231,Honda Dio,1,38194.00,266
12,230,Honda Dio,1,38194.00,265
2,229,Honda CB Hornet,1,24.00,264
2,228,Honda CB Hornet,1,24.00,263
12,227,Honda Dio,1,38194.00,262
2,226,Honda CB Hornet,1,24.00,261
12,225,Honda Dio,1,38194.00,260
12,224,Honda Dio,1,38194.00,259
12,223,Honda Dio,1,38194.00,258
5,222,Yamaha MT 15,1,140.70,257
11,221,TVS Apache RTR 160 (R.D),1,11043.50,256
12,220,Honda Dio,1,38194.00,255
2,219,Honda CB Hornet,1,24.00,254
5,218,Yamaha MT 15,1,140.70,253
2,217,Honda CB Hornet,1,24.00,252
2,216,Honda CB Hornet,1,24.00,251
1,215,Yamaha R15 V3 Double Disk,1,27.00,250
1,214,Yamaha R15 V3 Double Disk,1,27.00,249
11,213,TVS Apache RTR 160 (R.D),1,11043.50,248
11,212,TVS Apache RTR 160 (R.D),1,11043.50,247
11,211,TVS Apache RTR 160 (R.D),1,11043.50,246
15,210,Minister SPLIT 2 TON,1,94.71,245
4,209,SUZUKI GSX-R RARE DISK,1,85.40,244
1,208,Yamaha R15 V3 Double Disk,1,27.00,243
11,207,TVS Apache RTR 160 (R.D),1,11043.50,242
12,206,Honda Dio,1,38194.00,241
12,205,Honda Dio,1,38194.00,240
15,204,Minister SPLIT 2 TON,1,94.71,239
15,203,Minister SPLIT 2 TON,1,94.71,238
15,202,Minister SPLIT 2 TON,1,94.71,237
15,201,Minister SPLIT 2 TON,1,94.71,236
7,200,Nissan MARK II,1,30.80,235
10,199,Lamborghini Terzo,1,97.17,234
13,199,Minister SPLIT 2 TON,1,2516.10,233
13,198,Minister SPLIT 2 TON,1,2516.10,232
2,197,Honda CB Hornet,1,24.00,231
4,196,SUZUKI GSX-R RARE DISK,1,85.40,230
12,195,Honda Dio,1,38194.00,229
12,194,Honda Dio,1,38194.00,228
13,193,Minister SPLIT 2 TON,1,2516.10,227
5,192,Yamaha MT 15,1,140.70,226
12,191,Honda Dio,1,38194.00,225
12,190,Honda Dio,1,38194.00,224
12,189,Honda Dio,1,38194.00,223
12,188,Honda Dio,1,38194.00,222
13,187,Minister SPLIT 2 TON,1,2516.10,221
13,186,Minister SPLIT 2 TON,1,2516.10,220
13,185,Minister SPLIT 2 TON,1,2516.10,219
4,184,SUZUKI GSX-R RARE DISK,1,85.40,218
4,183,SUZUKI GSX-R RARE DISK,1,85.40,217
7,182,Nissan MARK II,1,30.80,216
13,182,Minister SPLIT 2 TON,1,2516.10,215
13,181,Minister SPLIT 2 TON,1,2516.10,214
4,180,SUZUKI GSX-R RARE DISK,1,85.40,213
13,179,Minister SPLIT 2 TON,1,2516.10,212
13,178,Minister SPLIT 2 TON,1,2516.10,211
12,177,Honda Dio,1,38194.00,210
12,176,Honda Dio,1,38194.00,209
15,175,Minister SPLIT 2 TON,1,94.71,208
12,174,Honda Dio,1,38194.00,207
5,173,Yamaha MT 15,1,140.70,206
7,173,Nissan MARK II,1,30.80,205
12,173,Honda Dio,1,38194.00,204
11,172,TVS Apache RTR 160 (R.D),1,11043.50,203
11,171,TVS Apache RTR 160 (R.D),1,11043.50,202
2,170,Honda CB Hornet,1,24.00,201
13,170,Minister SPLIT 2 TON,1,2516.10,200
13,169,Minister SPLIT 2 TON,1,2516.10,199
4,169,SUZUKI GSX-R RARE DISK,1,85.40,198
10,169,Lamborghini Terzo,1,97.17,197
12,169,Honda Dio,1,38194.00,196
15,169,Minister SPLIT 2 TON,1,94.71,195
13,168,Minister SPLIT 2 TON,1,2516.10,194
1,167,Yamaha R15 V3 Double Disk,1,27.00,193
13,166,Minister SPLIT 2 TON,1,2516.10,192
7,165,Nissan MARK II,1,30.80,191
15,164,Minister SPLIT 2 TON,1,94.71,190
10,163,Lamborghini Terzo,1,97.17,189
11,162,TVS Apache RTR 160 (R.D),1,11043.50,188
13,161,Minister SPLIT 2 TON,1,2516.10,187
12,160,Honda Dio,1,38194.00,186
7,159,Nissan MARK II,1,30.80,185
13,159,Minister SPLIT 2 TON,1,2516.10,184
12,158,Honda Dio,1,38194.00,183
13,157,Minister SPLIT 2 TON,1,2516.10,182
13,156,Minister SPLIT 2 TON,1,2516.10,181
15,155,Minister SPLIT 2 TON,1,94.71,180
12,154,Honda Dio,1,38194.00,179
11,154,TVS Apache RTR 160 (R.D),1,11043.50,178
11,153,TVS Apache RTR 160 (R.D),1,11043.50,177
10,152,Lamborghini Terzo,1,97.17,176
8,152,Ferari 500T,1,24.75,175
12,151,Honda Dio,6,38194.00,174
12,150,Honda Dio,6,38194.00,173
12,149,Honda Dio,6,38194.00,172
12,148,Honda Dio,6,38194.00,171
12,147,Honda Dio,6,38194.00,170
12,146,Honda Dio,6,38194.00,169
12,145,Honda Dio,6,38194.00,168
12,144,Honda Dio,6,38194.00,167
12,143,Honda Dio,6,38194.00,166
12,142,Honda Dio,4,38194.00,165
5,141,Yamaha MT 15,1,140.70,164
8,141,Ferari 500T,1,24.75,163
10,141,Lamborghini Terzo,1,97.17,162
11,141,TVS Apache RTR 160 (R.D),1,11043.50,161
13,141,Minister SPLIT 2 TON,1,2516.10,160
13,140,Minister SPLIT 2 TON,4,2516.10,159
13,139,Minister SPLIT 2 TON,4,2516.10,158
13,138,Minister SPLIT 2 TON,4,2516.10,157
13,137,Minister SPLIT 2 TON,4,2516.10,156
13,136,Minister SPLIT 2 TON,4,2516.10,155
13,135,Minister SPLIT 2 TON,4,2516.10,154
13,134,Minister SPLIT 2 TON,4,2516.10,153
13,133,Minister SPLIT 2 TON,4,2516.10,152
13,132,Minister SPLIT 2 TON,4,2516.10,151
13,131,Minister SPLIT 2 TON,4,2516.10,150
13,130,Minister SPLIT 2 TON,4,2516.10,149
13,129,Minister SPLIT 2 TON,4,2516.10,148
13,128,Minister SPLIT 2 TON,1,2516.10,147
7,127,Nissan MARK II,1,30.80,146
8,127,Ferari 500T,1,24.75,145
13,126,Minister SPLIT 2 TON,1,2516.10,144
8,125,Ferari 500T,1,24.75,143
5,125,Yamaha MT 15,1,140.70,142
12,125,Honda Dio,1,38194.00,141
15,125,Minister SPLIT 2 TON,1,94.71,140
1,124,Yamaha R15 V3 Double Disk,1,27.00,139
6,124,Kawasaki Ninja H2R 1000CC,1,10.80,138
2,124,Honda CB Hornet,1,24.00,137
1,123,Yamaha R15 V3 Double Disk,1,27.00,136
2,123,Honda CB Hornet,1,24.00,135
6,122,Kawasaki Ninja H2R 1000CC,1,10.80,134
1,122,Yamaha R15 V3 Double Disk,1,27.00,133
2,122,Honda CB Hornet,1,24.00,132
11,121,TVS Apache RTR 160 (R.D),1,11043.50,131
1,120,Yamaha R15 V3 Double Disk,1,27.00,130
2,120,Honda CB Hornet,1,24.00,129
2,119,Honda CB Hornet,1,24.00,128
12,119,Honda Dio,1,38194.00,127
2,118,Honda CB Hornet,1,24.00,126
7,117,Nissan MARK II,1,30.80,125
2,116,Honda CB Hornet,1,24.00,124
15,115,Minister SPLIT 2 TON,1,94.71,123
8,114,Ferari 500T,1,24.75,122
8,113,Ferari 500T,1,24.75,121
1,112,Yamaha R15 V3 Double Disk,1,27.00,120
2,111,Honda CB Hornet,1,24.00,119
10,110,Lamborghini Terzo,1,97.17,118
8,109,Ferari 500T,1,24.75,117
2,108,Honda CB Hornet,1,24.00,116
11,107,TVS Apache RTR 160 (R.D),1,11043.50,115
13,106,Minister SPLIT 2 TON,1,2516.10,114
15,105,Minister SPLIT 2 TON,1,94.71,113
6,104,Kawasaki Ninja H2R 1000CC,1,10.80,112
4,103,SUZUKI GSX-R RARE DISK,1,85.40,111
7,102,Nissan MARK II,1,30.80,110
12,101,Honda Dio,1,38194.00,109
13,101,Minister SPLIT 2 TON,1,2516.10,108
8,100,Ferari 500T,1,24.75,107
13,100,Minister SPLIT 2 TON,1,2516.10,106
8,99,Ferari 500T,1,24.75,105
2,98,Honda CB Hornet,1,24.00,104
5,97,Yamaha MT 15,1,140.70,103
2,96,Honda CB Hornet,1,24.00,102
2,95,Honda CB Hornet,1,24.00,101
2,94,Honda CB Hornet,1,24.00,100
8,93,Ferari 500T,1,24.75,99
10,92,Lamborghini Terzo,1,97.17,98
8,91,Ferari 500T,1,24.75,97
10,90,Lamborghini Terzo,1,97.17,96
8,90,Ferari 500T,1,24.75,95
2,89,Honda CB Hornet,1,24.00,94
8,88,Ferari 500T,1,24.75,93
5,87,Yamaha MT 15,1,140.70,92
1,86,Yamaha R15 V3 Double Disk,1,27.00,91
2,84,Honda CB Hornet,1,24.00,90
7,83,Nissan MARK II,1,30.80,89
2,82,Honda CB Hornet,1,24.00,88
2,81,Honda CB Hornet,1,24.00,87
2,80,Honda CB Hornet,1,24.00,86
8,79,Ferari 500T,1,24.75,85
6,78,Kawasaki Ninja H2R 1000CC,1,10.80,84
8,77,Ferari 500T,1,24.75,83
2,76,Honda CB Hornet,1,24.00,82
7,75,Nissan MARK II,1,30.80,81
4,75,SUZUKI GSX-R RARE DISK,1,85.40,80
2,74,Honda CB Hornet,1,24.00,79
8,73,Ferari 500T,1,24.75,78
2,72,Honda CB Hornet,1,24.00,77
4,71,SUZUKI GSX-R RARE DISK,1,85.40,76
1,70,Yamaha R15 V3 Double Disk,1,27.00,75
2,69,Honda CB Hornet,1,24.00,74
10,68,Lamborghini Terzo,1,97.17,73
4,67,SUZUKI GSX-R RARE DISK,1,85.40,72
8,66,Ferari 500T,1,24.75,71
7,66,Nissan MARK II,1,30.80,70
4,65,SUZUKI GSX-R RARE DISK,2,85.40,69
1,64,Yamaha R15 V3 Double Disk,1,27.00,68
4,63,SUZUKI GSX-R RARE DISK,1,85.40,67
6,62,Kawasaki Ninja H2R 1000CC,1,10.80,66
7,61,Nissan MARK II,3,30.80,65
10,60,Lamborghini Terzo,1,97.17,64
10,59,Lamborghini Terzo,3,97.17,63
10,58,Lamborghini Terzo,3,97.17,62
10,57,Lamborghini Terzo,3,97.17,61
10,56,Lamborghini Terzo,3,97.17,60
10,55,Lamborghini Terzo,3,97.17,59
7,54,Nissan MARK II,1,30.80,58
8,54,Ferari 500T,1,24.75,57
2,54,Honda CB Hornet,1,24.00,56
2,53,Honda CB Hornet,1,24.00,55
10,52,Lamborghini Terzo,1,97.17,54
6,51,Kawasaki Ninja H2R 1000CC,1,10.80,53
6,50,Kawasaki Ninja H2R 1000CC,1,10.80,52
4,49,SUZUKI GSX-R RARE DISK,1,85.40,51
6,48,Kawasaki Ninja H2R 1000CC,1,10.80,50
7,47,Nissan MARK II,1,30.80,49
2,46,Honda CB Hornet,1,24.00,48
2,45,Honda CB Hornet,1,24.00,47
8,44,Ferari 500T,1,24.75,46
7,43,Nissan MARK II,1,30.80,45
10,42,Lamborghini Terzo,1,97.17,44
7,41,Nissan MARK II,1,77000.00,43
2,40,Honda CB Hornet,1,240.00,42
2,39,Honda CB Hornet,1,240.00,41
2,38,Honda CB Hornet,1,240.00,40
2,37,Honda CB Hornet,1,240.00,39
2,36,Honda CB Hornet,1,240.00,38
2,35,Honda CB Hornet,1,240.00,37
2,34,Honda CB Hornet,1,240.00,36
2,33,Honda CB Hornet,1,240.00,35
4,32,SUZUKI GSX-R RARE DISK,1,210000.00,34
5,31,Yamaha MT 15,1,140000.00,33
4,30,SUZUKI GSX-R RARE DISK,1,210000.00,32
4,29,SUZUKI GSX-R RARE DISK,2,210000.00,31
4,28,SUZUKI GSX-R RARE DISK,2,210000.00,30
4,27,SUZUKI GSX-R RARE DISK,2,210000.00,29
4,26,SUZUKI GSX-R RARE DISK,2,210000.00,28
4,25,SUZUKI GSX-R RARE DISK,2,210000.00,27
4,24,SUZUKI GSX-R RARE DISK,2,210000.00,26
4,23,SUZUKI GSX-R RARE DISK,2,210000.00,25
5,22,Yamaha MT 15,1,140000.00,24
8,21,Ferari 500T,1,250555.25,23
4,20,SUZUKI GSX-R RARE DISK,1,210000.00,22
10,20,Lamborghini Terzo,1,9752190.55,21
7,19,Nissan MARK II,1,77000.00,20
5,18,Yamaha MT 15,1,140000.00,19
,17,Range Rover,98,8000000.00,18
,16,Range Rover,98,8000000.00,17
,15,Range Rover,3,8000000.00,16
,14,Range Rover,3,8000000.00,15
,13,Range Rover,3,8000000.00,14
9,12,PORSCHE 911,21,1511110.96,13
9,11,PORSCHE 911,1,1511110.96,12
8,11,Ferari 500T,19,250555.25,11
8,10,Ferari 500T,19,250555.25,10
8,9,Ferari 500T,19,250555.25,9
9,8,PORSCHE 911,1,1511110.96,8
7,7,Nissan MARK II,1,77000.00,7
9,6,PORSCHE 911,1,1511110.96,6
7,5,Nissan MARK II,1,77000.00,5
,4,Range Rover,1,8000000.00,4
4,3,SUZUKI GSX-R RARE DISK,1,210000.00,3
9,2,PORSCHE 911,1,1511110.96,2
5,2,Yamaha MT 15,1,140000.00,1
